,City,Country,Lat,Lng,Max Temp,Humidity,Cloudiness,Wind Speed,Current Description
0,Arraial Do Cabo,BR,-22.9661,-42.0278,67.86,94,0,2.3,clear sky
1,College,US,64.8569,-147.8028,60.78,60,75,4.61,smoke
2,Seoul,KR,37.5683,126.9778,76.39,94,100,14.97,heavy intensity rain
3,Kahului,US,20.8947,-156.47,74.84,80,40,9.22,scattered clouds
4,Kruisfontein,ZA,-34.0033,24.7314,57.88,52,100,7.67,overcast clouds
5,Yellowknife,CA,62.456,-114.3525,51.57,66,3,4.0,clear sky
6,Busselton,AU,-33.65,115.3333,55.15,83,50,8.48,scattered clouds
7,Tuktoyaktuk,CA,69.4541,-133.0374,40.24,73,100,8.81,overcast clouds
8,Santander,ES,43.4647,-3.8044,68.61,87,75,17.27,broken clouds
9,Port Alfred,ZA,-33.5906,26.891,71.19,59,100,7.0,overcast clouds
10,Kenai,US,60.5544,-151.2583,55.15,85,0,3.44,clear sky
11,Punta Arenas,CL,-53.15,-70.9167,39.11,80,100,17.78,overcast clouds
12,Pochutla,MX,15.7432,-96.4661,71.82,91,100,3.53,overcast clouds
13,Neiafu,TO,-18.65,-173.9833,76.32,67,99,15.93,overcast clouds
14,Samarai,PG,-10.6167,150.6667,79.75,82,100,16.06,overcast clouds
15,Iqaluit,CA,63.7506,-68.5145,38.7,69,100,3.02,overcast clouds
16,Gat,IL,31.61,34.7642,93.4,38,0,14.05,clear sky
17,Vaini,TO,-21.2,-175.2,68.16,73,40,4.61,scattered clouds
18,Saiki,JP,32.95,131.9,78.75,85,32,6.87,scattered clouds
19,Severo-Kurilsk,RU,50.6789,156.125,45.99,95,73,15.41,broken clouds
20,Ushuaia,AR,-54.8,-68.3,33.57,98,99,3.83,light snow
21,Port Lincoln,AU,-34.7333,135.8667,59.5,83,75,16.24,broken clouds
22,Laguna,US,38.421,-121.4238,79.02,43,0,9.22,clear sky
23,Mataura,NZ,-46.1927,168.8643,32.49,83,0,3.53,clear sky
24,Hermanus,ZA,-34.4187,19.2345,56.8,86,78,14.74,moderate rain
25,Bredasdorp,ZA,-34.5322,20.0403,62.6,65,86,12.08,overcast clouds
26,Bima,ID,-8.4667,118.7167,75.31,82,94,5.46,overcast clouds
27,Limbach-Oberfrohna,DE,50.8667,12.75,85.44,36,6,7.56,clear sky
28,Qaanaaq,GL,77.484,-69.3632,38.84,66,72,6.87,broken clouds
29,Sertanopolis,BR,-23.0586,-51.0364,66.27,76,0,1.97,clear sky
30,Bluff,NZ,-46.6,168.3333,32.81,80,1,10.85,clear sky
31,Georgetown,MY,5.4112,100.3354,84.88,77,20,5.75,moderate rain
32,Jamestown,US,42.097,-79.2353,60.44,84,0,8.05,clear sky
33,Rikitea,PF,-23.1203,-134.9692,75.22,66,79,16.02,broken clouds
34,Hobart,AU,-42.8794,147.3294,51.26,94,75,5.75,light rain
35,Lavrentiya,RU,65.5833,-171.0,44.44,90,100,11.48,overcast clouds
36,West Bay,KY,19.3667,-81.4167,79.0,84,16,1.99,few clouds
37,Puerto Ayora,EC,-0.7393,-90.3518,69.55,96,47,3.0,scattered clouds
38,Axim,GH,4.8699,-2.2405,80.06,77,91,7.47,light rain
39,Mitu,CO,1.1983,-70.1733,68.9,99,89,1.25,overcast clouds
40,Yarmouth,US,41.7057,-70.2286,64.96,94,0,5.75,clear sky
41,Kudahuvadhoo,MV,2.6708,72.8944,82.72,72,27,6.08,light rain
42,Sosnovo-Ozerskoye,RU,52.5249,111.5418,67.19,36,14,14.27,few clouds
43,Shimanovsk,RU,52.0,127.7,66.76,91,76,3.98,moderate rain
44,Saint-Philippe,RE,-21.3585,55.7679,71.19,71,75,14.47,broken clouds
45,Belyy Yar,RU,53.6039,91.3903,93.09,32,0,20.13,clear sky
46,Chokurdakh,RU,70.6333,147.9167,40.57,48,79,18.99,broken clouds
47,Beatrice,US,40.2681,-96.747,70.45,88,0,6.82,clear sky
48,Yeovil,GB,50.9416,-2.6321,75.43,50,0,6.91,clear sky
49,Mae Hong Son,TH,19.3003,97.9685,80.44,83,99,3.2,overcast clouds
50,Longyearbyen,SJ,78.2186,15.6401,40.84,60,75,24.16,broken clouds
51,Atuona,PF,-9.8,-139.0333,77.5,72,4,15.59,clear sky
52,Hilo,US,19.7297,-155.09,72.28,95,100,4.61,overcast clouds
53,Raga,SS,8.4596,25.678,97.66,31,12,3.65,few clouds
54,Vila Franca Do Campo,PT,37.7167,-25.4333,67.19,85,65,10.87,light rain
55,Riyadh,SA,24.6877,46.7219,112.06,5,79,14.65,broken clouds
56,Radford,US,37.1318,-80.5764,70.72,89,100,6.91,overcast clouds
57,Port Elizabeth,ZA,-33.918,25.5701,60.31,92,100,4.0,overcast clouds
58,Aras,ES,42.5617,-2.356,73.81,38,40,4.61,scattered clouds
59,Albany,US,42.6001,-73.9662,60.17,85,99,3.0,overcast clouds
60,Cockburn Town,TC,21.4612,-71.1419,81.19,71,76,11.68,broken clouds
61,Avarua,CK,-21.2078,-159.775,77.05,69,75,9.22,broken clouds
62,Anchorage,US,61.2181,-149.9003,61.92,69,75,5.75,broken clouds
63,Arona,ES,28.0996,-16.681,66.72,61,75,13.8,broken clouds
64,Marsh Harbour,BS,26.5412,-77.0636,76.41,60,100,3.98,overcast clouds
65,Dikson,RU,73.5069,80.5464,42.85,77,100,21.0,overcast clouds
66,Cape Town,ZA,-33.9258,18.4232,62.38,81,75,25.32,moderate rain
67,Aberdeen,GB,57.1437,-2.0981,69.55,72,21,9.22,few clouds
68,Vanavara,RU,60.34,102.2797,68.0,58,96,8.75,overcast clouds
69,Kholm,RU,59.2667,32.85,74.57,33,60,5.12,broken clouds
70,Carnarvon,AU,-24.8667,113.6333,69.87,66,0,12.48,clear sky
71,La Tuque,CA,47.4334,-72.7824,57.87,99,100,7.2,overcast clouds
72,San Patricio,US,28.017,-97.5169,82.89,94,6,4.72,clear sky
73,Norman Wells,CA,65.282,-126.8329,56.62,47,99,1.28,overcast clouds
74,Buin,CL,-33.7333,-70.75,52.74,95,100,1.99,moderate rain
75,Upernavik,GL,72.7868,-56.1549,33.53,92,97,4.76,overcast clouds
76,Nishihara,JP,26.1842,127.7558,83.48,84,20,13.8,few clouds
77,Galesong,ID,-5.3166,119.3661,80.62,80,94,11.18,overcast clouds
78,Opuwo,NA,-18.0607,13.84,75.02,9,0,6.82,clear sky
79,Kodiak,US,57.79,-152.4072,58.51,63,0,6.91,smoke
80,Dunedin,NZ,-45.8742,170.5036,39.79,76,3,1.99,clear sky
81,Gidole,ET,5.65,37.3667,65.8,55,100,3.56,overcast clouds
82,Codrington,AU,-38.2667,141.9667,56.16,72,100,17.81,light rain
83,Mar Del Plata,AR,-38.0023,-57.5575,40.08,72,40,5.75,scattered clouds
84,Barrow,US,71.2906,-156.7887,42.82,93,100,10.36,overcast clouds
85,New Norfolk,AU,-42.7826,147.0587,50.92,86,100,6.49,moderate rain
86,Dudinka,RU,69.4058,86.1778,87.62,20,2,7.58,clear sky
87,Namibe,AO,-15.1961,12.1522,73.38,49,0,9.04,clear sky
88,Coihaique,CL,-45.5752,-72.0662,13.95,92,0,0.0,clear sky
89,Urucara,BR,-2.5364,-57.76,73.81,86,18,2.37,few clouds
90,Mahebourg,MU,-20.4081,57.7,72.25,74,69,19.73,light rain
91,Thompson,CA,55.7435,-97.8558,45.79,82,41,5.77,scattered clouds
92,Caiaponia,BR,-16.9567,-51.8103,63.99,47,70,4.07,broken clouds
93,Soyo,AO,-6.1349,12.3689,77.49,70,58,8.16,broken clouds
94,Clyde River,CA,70.4692,-68.5914,34.03,86,100,24.16,overcast clouds
95,East London,ZA,-33.0153,27.9116,75.78,33,100,10.6,overcast clouds
96,Sitka,US,57.0531,-135.33,53.49,87,100,9.22,overcast clouds
97,Tiksi,RU,71.6872,128.8694,37.47,56,34,10.54,scattered clouds
98,Coolum Beach,AU,-26.5333,153.1,59.22,94,3,1.74,clear sky
99,Ati,TD,13.2154,18.3353,98.91,26,7,9.98,clear sky
100,Zaraza,VE,9.3503,-65.3245,73.94,90,14,1.99,few clouds
101,Saskylakh,RU,71.9167,114.0833,54.72,41,95,8.46,overcast clouds
102,Te Anau,NZ,-45.4167,167.7167,36.91,91,22,0.98,few clouds
103,Esperance,AU,-33.8667,121.9,57.04,78,99,13.09,overcast clouds
104,Alta Floresta,BR,-9.8756,-56.0861,69.26,66,28,1.95,scattered clouds
105,Mogadishu,SO,2.0371,45.3438,80.11,74,92,21.83,light rain
106,Kavieng,PG,-2.5744,150.7967,81.82,77,63,11.43,broken clouds
107,Tazmalt,DZ,36.3868,4.3989,97.21,18,42,6.11,scattered clouds
108,Los Algarrobos,PA,8.5,-82.4333,72.88,84,81,2.42,broken clouds
109,Komsomolskiy,UZ,40.4272,71.7189,86.72,28,100,6.91,light rain
110,Guasdualito,VE,7.2424,-70.7324,71.29,96,18,1.21,few clouds
111,Torbay,CA,47.6666,-52.7314,62.89,76,77,7.0,broken clouds
112,Mazagao,BR,-0.115,-51.2894,78.85,92,29,0.96,scattered clouds
113,Honolulu,US,21.3069,-157.8583,75.47,80,75,10.36,light rain
114,Cianjur,ID,-6.8224,107.1393,72.86,94,100,1.81,overcast clouds
115,Bjornevatn,NO,69.6672,29.9847,59.34,51,75,8.05,light rain
116,Zubtsov,RU,56.1753,34.5894,73.42,42,12,5.39,few clouds
117,Karaton,ID,-6.3424,106.1045,75.99,89,98,1.41,overcast clouds
118,Ekibastuz,KZ,51.6667,75.3667,87.58,30,33,24.2,scattered clouds
119,Beyneu,KZ,45.3167,55.2,104.76,8,26,16.35,scattered clouds
120,Nyurba,RU,63.2842,118.3319,80.65,50,73,1.57,broken clouds
121,Garowe,SO,8.4054,48.4845,85.28,45,99,25.99,overcast clouds
122,Palu,ID,-0.8917,119.8707,76.84,95,100,0.31,overcast clouds
123,Las Juntas,MX,19.4167,-104.7,73.38,88,100,2.73,overcast clouds
124,Cervo,ES,43.6702,-7.4101,63.97,79,62,8.46,broken clouds
125,Timizart,DZ,36.8,4.2667,87.31,44,38,9.6,scattered clouds
126,Deputatskiy,RU,69.3,139.9,38.35,42,72,17.94,broken clouds
127,Sept-Iles,CA,50.2001,-66.3821,52.05,96,100,4.0,moderate rain
128,Castro,BR,-24.7911,-50.0119,59.34,79,0,5.14,clear sky
129,Todos Santos,MX,23.45,-110.2167,72.66,86,84,4.83,broken clouds
130,Lishu,CN,43.3047,124.3278,71.87,83,16,5.99,few clouds
131,Kapaa,US,22.0752,-159.319,72.12,95,75,11.5,light rain
132,Haines Junction,CA,60.7522,-137.5108,52.09,94,100,3.62,overcast clouds
133,Najran,SA,17.4924,44.1277,101.48,8,42,16.91,scattered clouds
134,Manggar,ID,-2.8833,108.2667,80.04,82,100,12.91,overcast clouds
135,Loreto,MX,22.2667,-101.9667,56.52,79,99,9.44,overcast clouds
136,Morehead,US,37.2711,-87.1764,68.99,91,0,0.0,clear sky
137,Quatre Cocos,MU,-20.2078,57.7625,72.09,74,51,19.17,light rain
138,Vardo,NO,70.3705,31.1107,48.18,87,0,4.61,clear sky
139,Sibolga,ID,1.7427,98.7792,80.04,81,98,2.19,overcast clouds
140,Maniitsoq,GL,65.4167,-52.9,39.0,83,40,3.76,scattered clouds
141,Sinnamary,GF,5.3833,-52.95,76.35,90,89,4.56,overcast clouds
142,Lompoc,US,34.6391,-120.4579,52.93,100,100,4.61,mist
143,Praya,CV,14.9215,-23.5087,78.51,81,17,14.63,few clouds
144,Hamilton,US,39.1834,-84.5333,66.97,90,0,10.36,clear sky
145,Ayan,RU,56.45,138.1667,46.96,97,99,7.23,overcast clouds
146,Cedar City,US,37.6775,-113.0619,56.37,41,20,6.91,few clouds
147,Freiberg,DE,50.9167,13.3667,84.9,31,3,5.37,clear sky
148,Doha,QA,25.2867,51.5333,94.98,63,0,13.8,haze
149,Kinchil,MX,20.9167,-89.95,76.05,98,93,3.09,overcast clouds
150,Victoria,HK,22.2855,114.1577,87.33,74,13,11.01,few clouds
151,Bengkulu,ID,-3.8004,102.2655,78.84,82,64,0.34,moderate rain
152,Hithadhoo,MV,-0.6,73.0833,83.97,68,19,6.13,few clouds
153,Souillac,MU,-20.5167,57.5167,70.41,75,92,18.75,light rain
154,Ilhabela,BR,-23.7781,-45.3581,71.91,67,0,4.16,clear sky
155,Gotsu,JP,35.0,132.2167,79.74,70,84,10.31,moderate rain
156,Roald,NO,62.5833,6.1333,65.32,94,75,8.05,broken clouds
157,Dzhebariki-Khaya,RU,62.2167,135.8,71.67,63,2,2.37,clear sky
158,Barabai,ID,-2.5833,115.3833,76.12,95,100,2.06,light rain
159,Kharp,RU,66.8014,65.8081,76.24,57,43,5.19,light rain
160,Grants,US,35.1473,-107.8514,57.43,88,60,5.75,broken clouds
161,Cabo San Lucas,MX,22.8909,-109.9124,81.52,77,89,1.99,overcast clouds
162,Hope,US,33.6671,-93.5916,77.07,76,43,0.98,scattered clouds
163,Havoysund,NO,70.9963,24.6622,53.83,85,100,11.25,overcast clouds
164,Lebu,CL,-37.6167,-73.65,50.18,89,100,12.73,overcast clouds
165,Trelew,AR,-43.249,-65.3051,30.06,56,7,4.61,clear sky
166,North Bend,US,43.4065,-124.2243,54.25,94,0,4.61,clear sky
167,Hinton,CA,53.4001,-117.5857,41.4,99,100,4.54,overcast clouds
168,Cheremukhovo,RU,60.3484,59.9851,71.76,48,87,6.93,overcast clouds
169,Honningsvag,NO,70.9821,25.9704,53.35,62,100,5.75,overcast clouds
170,Tasiilaq,GL,65.6145,-37.6368,44.76,76,6,6.55,clear sky
171,Provideniya,RU,64.3833,-173.3,42.04,97,100,9.37,overcast clouds
172,Hermosillo,MX,29.0667,-110.9667,89.85,44,1,5.01,clear sky
173,Bowen,AU,-20.0167,148.2333,64.76,79,0,11.81,clear sky
174,Vila Velha,BR,-20.3297,-40.2925,73.35,91,0,9.22,clear sky
175,Port-Gentil,GA,-0.7193,8.7815,80.56,65,20,12.66,few clouds
176,Rio Grande,BR,-32.035,-52.0986,53.71,90,100,13.2,overcast clouds
177,Roebourne,AU,-20.7833,117.1333,74.98,46,0,4.92,clear sky
178,Stornoway,GB,58.2093,-6.3865,59.04,82,75,24.16,broken clouds
179,Atasu,KZ,48.6814,71.6433,92.07,23,67,13.04,broken clouds
180,Kargopol,RU,61.5071,38.9456,72.01,37,76,3.85,broken clouds
181,Bambous Virieux,MU,-20.3428,57.7575,72.21,74,62,19.8,light rain
182,Usinsk,RU,65.9939,57.5281,45.05,93,100,11.12,overcast clouds
183,Airai,TL,-8.9266,125.4092,58.3,91,100,3.94,overcast clouds
184,Dothan,US,31.2232,-85.3905,79.0,81,0,5.75,clear sky
185,Yeppoon,AU,-23.1333,150.7333,58.78,78,0,8.97,clear sky
186,Camacari,BR,-12.6975,-38.3242,80.37,79,42,7.2,scattered clouds
187,Pandan,PH,14.0453,124.1694,80.2,82,100,5.35,overcast clouds
188,Almaznyy,RU,48.0448,40.045,70.81,52,91,10.4,overcast clouds
189,Aldan,RU,58.6031,125.3894,68.18,69,98,4.32,overcast clouds
190,Marienburg,PL,54.0359,19.0266,77.88,54,14,1.72,few clouds
191,Natal,BR,-5.795,-35.2094,75.85,94,40,5.75,scattered clouds
192,Namtsy,RU,62.7161,129.6658,70.81,45,37,12.88,scattered clouds
193,Novikovo,RU,51.1537,37.8879,65.5,87,94,10.71,overcast clouds
194,Trincomalee,LK,8.5711,81.2335,89.69,57,100,10.51,overcast clouds
195,Nemuro,JP,43.3236,145.575,51.85,94,100,11.63,overcast clouds
196,Kabare,CD,-2.4683,28.8242,73.94,54,65,2.75,broken clouds
197,Georgiyevka,KZ,43.0369,74.7114,86.04,37,20,6.71,few clouds
198,Aklavik,CA,68.2191,-135.0107,49.03,56,99,9.86,overcast clouds
199,Wamba,NG,8.9333,8.6,82.2,68,87,3.09,overcast clouds
200,Kirakira,SB,-10.4544,161.9205,79.34,85,38,6.67,scattered clouds
201,Flinders,AU,-34.5833,150.8552,58.17,71,32,5.99,scattered clouds
202,Conde,BR,-7.2597,-34.9075,74.66,88,0,8.05,clear sky
203,Cherskiy,RU,68.75,161.3,40.48,73,91,8.77,overcast clouds
204,Saint George,US,37.1041,-113.5841,74.95,35,0,5.75,clear sky
205,Pevek,RU,69.7008,170.3133,39.29,74,100,1.97,overcast clouds
206,Ulladulla,AU,-35.35,150.4667,54.81,71,31,9.82,scattered clouds
207,Fortuna,US,40.5982,-124.1573,54.86,88,79,1.01,broken clouds
208,Ivanivka,UA,46.7208,34.553,65.64,61,100,11.5,moderate rain
209,Ancud,CL,-41.8697,-73.8203,37.22,85,1,7.96,clear sky
210,Dobrinka,RU,52.1653,40.4731,65.34,90,100,11.45,overcast clouds
211,Colonia,DE,50.9333,6.95,88.05,42,0,10.36,clear sky
212,Touros,BR,-5.1989,-35.4608,79.92,73,79,7.76,broken clouds
213,Nelson Bay,AU,-32.7167,152.15,55.99,82,26,7.0,scattered clouds
214,Luderitz,NA,-26.6481,15.1594,67.41,47,0,21.18,clear sky
215,Fukue,JP,32.6881,128.8419,76.51,91,70,23.49,broken clouds
216,Los Llanos De Aridane,ES,28.6585,-17.9182,69.55,78,20,13.8,few clouds
217,Butaritari,KI,3.0707,172.7902,82.09,75,16,11.65,few clouds
218,Darhan,MN,49.4867,105.9228,78.66,43,21,5.17,few clouds
219,Estevan,CA,49.1334,-102.9842,59.34,62,19,6.08,few clouds
220,Talnakh,RU,69.4865,88.3972,87.21,19,5,3.8,clear sky
221,Santa Rosa,PH,14.3122,121.1114,85.1,72,85,8.81,light rain
222,Fairbanks,US,64.8378,-147.7164,60.8,61,75,4.61,smoke
223,Healdsburg,US,38.6105,-122.8692,68.97,81,0,4.61,clear sky
224,Rocha,UY,-34.4833,-54.3333,46.33,93,100,2.59,overcast clouds
225,Kavaratti,IN,10.5669,72.642,82.51,78,100,22.79,moderate rain
226,Kaitangata,NZ,-46.2817,169.8464,34.99,69,2,4.85,clear sky
227,Bundaberg,AU,-24.85,152.35,57.22,94,0,4.5,clear sky
228,Asau,RO,46.4333,26.4,70.72,40,100,12.44,overcast clouds
229,Chuy,UY,-33.6971,-53.4616,49.39,90,100,3.67,overcast clouds
230,Nikolskoye,RU,59.7035,30.7861,75.87,33,98,6.69,overcast clouds
231,Huaihua,CN,27.5494,109.9592,82.47,77,100,7.65,overcast clouds
232,Petukhovo,RU,55.0692,67.9019,75.61,57,28,13.82,scattered clouds
233,Waipawa,NZ,-41.4122,175.5153,39.58,87,82,4.99,broken clouds
234,Isangel,VU,-19.55,169.2667,72.52,77,100,5.79,overcast clouds
235,Vestmanna,FO,62.1564,-7.1664,47.32,93,100,9.22,light rain
236,Heerhugowaard,NL,52.6714,4.8486,86.0,55,3,4.0,clear sky
237,Palmer,US,42.1584,-72.3287,60.24,87,75,5.75,mist
238,Mareeba,AU,-17.0,145.4333,66.92,85,44,2.48,scattered clouds
239,Tuatapere,NZ,-46.1333,167.6833,40.44,85,3,6.33,clear sky
240,Ahuimanu,US,21.4447,-157.8378,75.36,80,40,10.36,scattered clouds
241,Henties Bay,NA,-22.116,14.2845,62.38,58,0,9.22,clear sky
242,Dukat,RU,62.55,155.55,44.46,96,99,8.3,overcast clouds
243,Baykit,RU,61.67,96.37,73.45,40,95,5.03,overcast clouds
244,Albury,AU,-36.0833,146.9167,52.02,100,40,5.01,scattered clouds
245,Jalingo,NG,8.8833,11.3667,83.88,66,66,6.69,broken clouds
246,Mehamn,NO,71.0357,27.8492,55.35,58,0,17.27,clear sky
247,Tigil,RU,57.8,158.6667,45.25,92,9,4.88,clear sky
248,Olafsvik,IS,64.8945,-23.7142,45.23,62,100,28.59,overcast clouds
249,Nguruka,TZ,-5.1092,31.0419,84.11,24,24,6.26,few clouds
250,Alofi,NU,-19.0595,-169.9187,75.24,66,100,12.82,overcast clouds
251,Tias,ES,28.9611,-13.645,74.88,44,20,17.27,few clouds
252,Broome,US,42.2506,-75.833,62.85,88,100,8.05,overcast clouds
253,Khatanga,RU,71.9667,102.5,56.66,38,100,10.04,overcast clouds
254,Naryan-Mar,RU,67.6713,53.087,53.4,56,100,14.65,overcast clouds
255,Luwuk,ID,-0.9516,122.7875,78.39,91,50,3.42,scattered clouds
256,Suileng,CN,47.25,127.0833,67.21,82,85,6.58,moderate rain
257,Leningradskiy,RU,69.3833,178.4167,50.61,54,93,8.39,overcast clouds
258,Namatanai,PG,-3.6667,152.4333,79.99,81,63,7.14,light rain
259,Nenjiang,CN,49.1833,125.2167,66.88,91,69,7.78,moderate rain
260,Halifax,CA,44.6453,-63.5724,57.52,98,100,1.01,fog
261,Saldanha,ZA,-33.0117,17.9442,60.24,80,43,16.75,light rain
262,Barabinsk,RU,55.3571,78.357,66.96,79,64,14.97,light rain
263,Santarem,BR,-2.4431,-54.7083,75.33,100,20,6.91,few clouds
264,Alyangula,AU,-13.8483,136.4192,73.33,73,59,15.68,broken clouds
265,Wewak,PG,-3.5534,143.6268,81.03,81,75,7.2,broken clouds
266,Itoigawa,JP,37.0333,137.85,75.7,85,72,6.42,broken clouds
267,Wuwei,CN,37.9281,102.6414,89.35,17,3,13.51,clear sky
268,Lorengau,PG,-2.0226,147.2712,82.24,73,85,6.58,overcast clouds
269,Villa Bruzual,VE,9.3328,-69.1208,72.32,94,79,1.83,broken clouds
270,Tessalit,ML,20.1986,1.0114,102.97,15,0,12.28,clear sky
271,Lagoa,PT,39.05,-27.9833,64.36,84,96,13.98,overcast clouds
272,Bereda,ES,43.2686,-7.5406,62.15,100,94,5.95,overcast clouds
273,Pedana,IN,16.2667,81.1667,100.58,56,100,13.44,overcast clouds
274,Sovetskiy,RU,61.3614,63.5842,72.75,63,72,7.49,broken clouds
275,Murovane,UA,49.5214,22.9367,70.72,40,29,7.9,scattered clouds
276,Olga,RU,43.7444,135.2892,55.9,99,100,5.59,light rain
277,Shelburne,CA,44.0787,-80.2041,56.35,91,0,8.72,clear sky
278,Phan Thiet,VN,10.9333,108.1,81.97,81,70,5.19,broken clouds
279,Ventspils,LV,57.3894,21.5606,66.13,82,0,11.5,clear sky
280,Luganville,VU,-15.5333,167.1667,76.08,90,100,8.32,overcast clouds
281,East Hanover,US,40.8201,-74.3649,64.36,94,100,3.44,mist
282,Neuquen,AR,-38.9516,-68.0591,37.29,100,75,5.75,broken clouds
283,Corn Island,NI,12.1694,-83.0418,77.23,90,100,17.2,overcast clouds
284,Port Hedland,AU,-20.3167,118.5667,69.85,64,3,2.3,clear sky
285,La Ronge,CA,55.1001,-105.2842,55.62,76,100,13.8,overcast clouds
286,Rawson,AR,-43.3002,-65.1023,32.94,54,6,5.84,clear sky
287,Saint-Augustin,CA,51.226,-58.6502,56.07,79,99,16.24,overcast clouds
288,Christchurch,NZ,-43.5333,172.6333,41.41,100,40,5.75,scattered clouds
289,Pontes E Lacerda,BR,-15.2261,-59.3353,65.7,70,42,1.95,scattered clouds
290,Bilibino,RU,68.0546,166.4372,58.5,47,100,7.63,overcast clouds
291,Itarema,BR,-2.9248,-39.9167,76.24,81,100,11.18,overcast clouds
292,Phayakkhaphum Phisai,TH,15.5163,103.1937,87.42,50,100,3.13,overcast clouds
293,Ponta Delgada,PT,37.7333,-25.6667,67.5,82,40,13.8,scattered clouds
294,Portland,US,45.5234,-122.6762,51.84,86,5,1.14,clear sky
295,Taltal,CL,-25.4,-70.4833,55.13,57,100,2.37,overcast clouds
296,Banda Aceh,ID,5.5577,95.3222,77.61,85,93,16.02,overcast clouds
297,Paamiut,GL,61.994,-49.6678,38.21,82,31,9.08,scattered clouds
298,Ferrol,ES,43.4832,-8.2369,64.27,81,90,8.57,overcast clouds
299,Victor Harbor,AU,-35.5667,138.6167,62.01,68,100,1.99,overcast clouds
300,Nador,MA,35.174,-2.9287,75.45,57,20,10.36,few clouds
301,Leeuwarden,NL,53.2014,5.8086,84.11,50,15,10.36,few clouds
302,Stromness,GB,58.965,-3.296,62.56,87,12,5.68,few clouds
303,Saint-Nazaire,FR,47.2833,-2.2,76.33,75,40,13.8,scattered clouds
304,San Felipe,VE,10.3399,-68.7425,72.25,89,46,2.68,scattered clouds
305,Saint Anthony,US,45.0205,-93.218,68.31,77,0,6.91,clear sky
306,Lovozero,RU,68.005,35.0117,55.67,78,99,8.12,light rain
307,Mackenzie,CA,55.2999,-123.1698,37.44,96,78,2.44,broken clouds
308,Tokur,RU,53.1333,132.9,55.9,94,36,4.92,light rain
309,Strelka,RU,58.0728,93.0344,75.31,53,81,5.75,broken clouds
310,Sobolevo,RU,54.4299,31.8996,70.86,55,22,10.87,few clouds
311,Ilulissat,GL,69.2167,-51.1,39.22,81,75,5.75,light rain
312,Smithers,CA,54.7804,-127.1743,48.52,66,100,5.75,light rain
313,San-Pedro,CI,4.7485,-6.6363,77.0,89,100,5.97,light rain
314,Bouloupari,NC,-21.8667,166.05,64.31,82,100,4.32,overcast clouds
315,Sola,VU,-13.8833,167.55,79.9,79,100,17.9,overcast clouds
316,Jining,CN,35.405,116.5814,94.37,35,2,4.43,clear sky
317,Bubaque,GW,11.2833,-15.8333,78.46,81,100,0.81,overcast clouds
318,Avera,US,33.194,-82.5271,73.38,63,62,6.67,broken clouds
319,Oktyabrskiy,RU,54.4815,53.471,74.3,79,92,6.04,overcast clouds
320,Filingue,NE,14.3521,3.3168,95.58,34,1,9.78,clear sky
321,Nantucket,US,41.2835,-70.0995,64.51,89,0,11.5,clear sky
322,Tianpeng,CN,30.9866,103.9393,80.31,75,100,6.93,overcast clouds
323,Puri,IN,19.8,85.85,88.32,73,100,14.56,overcast clouds
324,Cayenne,GF,4.9333,-52.3333,80.1,1,75,1.14,broken clouds
325,Coahuayana,MX,18.7333,-103.6833,76.66,88,100,4.25,overcast clouds
326,Pinheiro Machado,BR,-31.5783,-53.3811,46.06,99,100,8.9,overcast clouds
327,Gornyy,RU,55.1153,83.9059,66.29,84,69,9.64,light rain
328,Ostrovnoy,RU,68.0531,39.5131,56.93,64,100,14.65,overcast clouds
329,San Cristobal,VE,7.7669,-72.225,64.69,91,46,3.09,scattered clouds
330,Bethel,US,41.3712,-73.414,61.11,97,74,1.01,broken clouds
331,Saint-Pierre,RE,-21.3393,55.4781,71.28,64,100,13.8,overcast clouds
332,Solwezi,ZM,-12.1688,26.3894,74.88,30,1,5.26,clear sky
333,Oakland,US,42.6667,-83.3999,61.36,82,20,7.0,few clouds
334,Kapoeta,SS,4.7717,33.5903,92.77,31,76,13.09,broken clouds
335,Shuya,RU,56.8487,41.3883,71.06,44,3,7.47,clear sky
336,Eldorado,BR,-23.7869,-54.2836,64.08,81,1,3.98,clear sky
337,Harper,LR,4.375,-7.7169,79.03,83,93,9.86,moderate rain
338,Hasanabad,IR,36.5465,61.0543,112.77,6,2,1.81,clear sky
339,Hasaki,JP,35.7333,140.8333,73.29,92,97,6.91,overcast clouds
340,Ponta Do Sol,PT,32.6667,-17.1,74.71,71,31,7.18,scattered clouds
341,Ahipara,NZ,-35.1667,173.1667,53.37,87,39,8.43,scattered clouds
342,Svetlogorsk,BY,52.6333,29.7333,73.18,48,60,14.32,broken clouds
343,Hervey Bay,AU,-25.2986,152.8535,60.03,84,0,5.01,clear sky
344,Dzaoudzi,YT,-12.7887,45.2699,80.49,61,0,21.85,clear sky
345,Nagato,JP,34.3833,131.2,79.74,80,92,19.6,light rain
346,North Platte,US,41.1239,-100.7654,67.12,95,0,5.75,mist
347,Riwaka,NZ,-41.0833,173.0,44.01,88,23,3.67,few clouds
348,Jaranwala,PK,31.3333,73.4333,100.35,16,0,12.59,clear sky
349,Straumen,NO,63.8709,11.2999,55.4,98,100,1.74,light rain
350,Villarrica,PY,-25.75,-56.4333,60.4,98,100,3.87,overcast clouds
351,Sucua,EC,-2.4667,-78.1667,65.86,98,99,1.59,light rain
352,Khorramshahr,IR,30.4397,48.1664,108.55,8,3,9.55,clear sky
353,Vostok,RU,46.4856,135.8833,56.64,98,100,3.71,light rain
354,Dyersburg,US,36.0345,-89.3856,75.34,88,0,5.75,clear sky
355,Lasa,IT,46.6166,10.7002,77.36,56,43,4.29,scattered clouds
356,Morant Bay,JM,17.8815,-76.4093,75.7,85,78,6.15,broken clouds
357,Bandarbeyla,SO,9.4942,50.8122,87.67,53,87,28.83,overcast clouds
358,Barstow,US,34.8986,-117.0228,68.99,56,20,2.84,few clouds
359,Ushtobe,KZ,45.2514,77.9838,100.94,15,55,15.1,broken clouds
360,Gold Coast,AU,-28.0,153.4333,59.0,94,1,4.61,clear sky
361,Lingao,CN,19.9103,109.6859,83.57,78,34,6.69,scattered clouds
362,Narsaq,GL,60.9167,-46.05,53.82,36,3,3.83,clear sky
363,Kuah,MY,6.3265,99.8432,84.18,79,40,3.44,scattered clouds
364,Warrnambool,AU,-38.3833,142.4833,57.81,68,100,21.36,light rain
365,Inhambane,MZ,-23.865,35.3833,71.02,70,93,11.07,light rain
366,Chilca,PE,-12.5211,-76.7372,59.58,87,63,5.55,broken clouds
367,Constitucion,CL,-35.3333,-72.4167,54.88,89,100,30.02,overcast clouds
368,Berezovyy,RU,51.6667,135.7,64.98,97,94,5.28,overcast clouds
369,Sakakah,SA,29.9697,40.2064,96.37,15,0,11.97,clear sky
370,Bida,NG,9.0833,6.0167,88.84,54,83,4.52,broken clouds
371,Doka,SD,13.5167,35.7667,91.54,36,22,8.66,few clouds
372,Bredy,RU,52.4153,60.3411,83.12,43,99,11.95,overcast clouds
373,Sukhumi,GE,43.0033,41.0153,67.86,80,35,3.31,light rain
374,Nushki,PK,29.5542,66.0215,99.32,12,0,11.07,clear sky
375,Ocampo,MX,21.65,-101.5,51.76,87,100,9.48,overcast clouds
376,Katsuura,JP,35.1333,140.3,73.42,96,82,5.23,broken clouds
377,Myitkyina,MM,25.3833,97.4,75.94,99,100,2.01,overcast clouds
378,Fort Wellington,GY,6.4,-57.6,77.07,87,96,3.78,overcast clouds
379,Praia Da Vitoria,PT,38.7333,-27.0667,68.76,88,75,13.42,light intensity drizzle rain
380,Hereford,GB,52.0568,-2.7148,78.75,58,2,5.14,clear sky
381,Maxixe,MZ,-23.8597,35.3472,70.63,71,91,10.16,light rain
382,Maniago,IT,46.1706,12.7078,86.05,58,40,3.85,scattered clouds
383,Port Augusta,AU,-32.5,137.7667,57.13,51,0,9.69,clear sky
384,Ambon,ID,-3.6954,128.1814,77.23,15,40,4.61,scattered clouds
385,Den Helder,NL,52.9599,4.7593,83.01,71,100,11.99,overcast clouds
386,Kirovskaya,RU,46.9748,40.0402,69.96,41,96,8.79,overcast clouds
387,Ayr,GB,55.4627,-4.6339,66.18,72,75,6.91,broken clouds
388,Salta,AR,-24.7859,-65.4117,43.39,81,100,4.61,overcast clouds
389,The Valley,AI,18.217,-63.0578,83.1,78,20,12.66,few clouds
390,Daru,PG,-9.0763,143.2092,77.86,88,81,18.9,broken clouds
391,Margate,GB,51.3813,1.3862,72.3,76,60,5.14,broken clouds
392,Ambilobe,MG,-13.2,49.05,88.05,23,4,6.2,clear sky
393,Nanortalik,GL,60.1432,-45.2371,42.33,69,2,12.35,clear sky
394,Fort Nelson,CA,58.8053,-122.7002,53.19,94,75,12.66,broken clouds
395,Dwarka,IN,22.2394,68.9678,87.49,71,74,18.48,moderate rain
396,Poum,NC,-20.2333,164.0167,73.63,61,100,6.46,overcast clouds
397,Zyryanka,RU,65.75,150.85,49.95,68,51,4.32,broken clouds
398,Lamar,US,33.6668,-95.5836,78.71,83,75,0.0,broken clouds
399,Charters Towers,AU,-20.1,146.2667,60.49,73,1,8.97,clear sky
400,Bentiu,SS,9.2333,29.8333,101.03,27,38,5.1,scattered clouds
401,Gorin,RU,51.1983,136.6669,67.57,88,92,4.94,overcast clouds
402,Mersing,MY,2.4312,103.8405,82.31,83,40,2.3,scattered clouds
403,Tome,CL,-36.6167,-72.95,48.81,91,100,15.84,overcast clouds
404,Chato,TZ,-2.6378,31.7669,81.81,33,46,6.04,scattered clouds
405,Nioro,GM,13.35,-15.75,83.95,59,100,2.35,overcast clouds
406,Necochea,AR,-38.5473,-58.7368,36.48,75,96,6.98,overcast clouds
407,Yulara,AU,-25.2406,130.9889,60.04,33,0,4.72,clear sky
408,Okha,RU,53.5739,142.9478,54.25,87,100,11.7,overcast clouds
409,Moron,AR,-34.6534,-58.6198,44.35,74,41,5.99,scattered clouds
410,Evensk,RU,61.95,159.2333,43.68,95,100,10.36,overcast clouds
411,Paraiso,CR,9.8383,-83.8656,64.89,100,87,1.43,overcast clouds
412,Bilma,NE,18.6853,12.9164,104.4,9,46,5.44,scattered clouds
413,Dolores,AR,-36.3132,-57.6792,35.69,77,100,4.65,overcast clouds
414,Baruun-Urt,MN,46.6806,113.2792,72.34,32,64,10.4,broken clouds
415,Strezhevoy,RU,60.7333,77.5889,72.14,52,99,2.89,overcast clouds
416,Novyye Burasy,RU,52.1324,46.0714,67.48,87,100,11.12,overcast clouds
417,Burgeo,CA,47.6167,-57.6152,53.87,94,39,7.96,scattered clouds
418,Camabatela,AO,-8.1881,15.375,82.44,37,18,1.5,few clouds
419,Homer,US,59.6425,-151.5483,56.77,86,0,4.0,clear sky
420,Chiredzi,ZW,-21.05,31.6667,77.77,35,14,6.38,few clouds
421,Zuwarah,LY,32.9312,12.082,89.35,34,0,8.16,clear sky
422,Lianran,CN,24.9227,102.485,68.54,87,100,3.89,light rain
423,Qidong,CN,31.8128,121.6561,86.16,65,100,12.24,light rain
424,Muroto,JP,33.2833,134.15,77.83,93,24,12.39,few clouds
425,Mormugao,IN,15.4,73.8,80.56,81,96,11.83,overcast clouds
426,Miles City,US,46.4083,-105.8406,56.37,88,0,11.5,clear sky
427,Vilhena,BR,-12.7406,-60.1458,68.22,73,0,8.05,clear sky
428,Buala,SB,-8.145,159.5921,80.01,82,90,7.65,light rain
429,Khandyga,RU,62.6667,135.6,70.97,63,0,1.99,clear sky
430,Mkushi,ZM,-13.6202,29.3939,75.36,29,4,5.23,clear sky
431,Geraldton,AU,-28.7667,114.6,63.01,94,75,5.75,broken clouds
432,Clinton,US,42.587,-82.9199,63.21,83,0,6.91,clear sky
433,Mount Gambier,AU,-37.8333,140.7667,57.11,77,100,18.41,light rain
434,Kiunga,PG,-6.1219,141.2906,75.76,97,97,4.34,overcast clouds
435,Faanui,PF,-16.4833,-151.75,79.77,67,62,10.69,broken clouds
436,Panaba,MX,21.2833,-88.2667,73.13,95,99,2.91,overcast clouds
437,Cuenca,EC,-2.8833,-78.9833,53.73,100,100,2.3,overcast clouds
438,Chengdu,CN,30.6667,104.0667,84.09,65,0,6.71,clear sky
439,Buluang,PH,13.3068,123.3425,80.19,83,100,1.68,overcast clouds
440,Taoudenni,ML,22.6783,-3.9836,109.94,12,3,14.18,clear sky
441,Chicama,PE,-7.8447,-79.1469,57.74,89,63,4.7,broken clouds
442,Akhmim,EG,26.5622,31.745,99.01,13,0,16.35,clear sky
443,Ribeira Grande,PT,38.5167,-28.7,66.6,77,40,5.75,scattered clouds
444,Palaiomonastiron,GR,39.4625,21.6586,101.01,20,8,10.18,clear sky
445,Gondar,ET,12.6,37.4667,73.99,44,24,7.27,light rain
446,Bayanday,RU,53.0661,105.5139,70.79,50,64,9.19,broken clouds
447,Katherine,AU,-14.4667,132.2667,68.32,42,24,6.91,few clouds
448,Korla,CN,41.7597,86.1469,100.87,10,43,5.55,scattered clouds
449,Sao Gabriel Da Cachoeira,BR,-0.1303,-67.0892,76.8,88,0,3.44,clear sky
450,San Miguel,SV,13.4833,-88.1833,68.92,96,99,3.31,overcast clouds
451,Lakes Entrance,AU,-37.8811,147.981,58.15,69,100,12.06,overcast clouds
452,Yenagoa,NG,4.9247,6.2642,83.62,75,97,1.79,moderate rain
453,Montefiascone,IT,42.5393,12.0362,81.05,79,0,2.3,light rain
454,Dakar,SN,14.6937,-17.4441,80.73,78,20,16.11,few clouds
455,Alugan,PH,12.2188,125.4808,82.02,78,69,5.99,broken clouds
456,Olindina,BR,-11.3667,-38.3333,72.5,89,68,7.74,broken clouds
457,Srandakan,ID,-7.9386,110.2506,78.75,84,63,12.53,broken clouds
458,Hualmay,PE,-11.0964,-77.6139,59.92,84,41,5.99,scattered clouds
459,Yinchuan,CN,38.4681,106.2731,93.24,16,0,4.9,clear sky
460,Abu Dhabi,AE,24.4667,54.3667,113.11,63,0,19.19,clear sky
461,Wakkanai,JP,45.4094,141.6739,57.72,97,100,7.27,light rain
462,Sioux Lookout,CA,50.1001,-91.917,60.87,94,75,8.05,broken clouds
463,Prien,US,30.1819,-93.2738,79.02,88,0,8.05,clear sky
464,Carballo,ES,43.213,-8.691,63.43,89,99,4.18,overcast clouds
465,San Quintin,MX,30.4833,-115.95,66.45,85,0,7.76,clear sky
466,Gizo,SB,-8.103,156.8419,82.51,75,35,5.84,scattered clouds
467,Kurilsk,RU,45.2333,147.8833,47.68,93,100,8.23,light rain
468,Chitral,PK,35.8462,71.7858,80.82,20,9,5.37,clear sky
469,Sao Filipe,CV,14.8961,-24.4956,77.83,82,14,7.2,few clouds
470,Boa Vista,BR,2.8197,-60.6733,76.98,88,75,0.0,broken clouds
471,Athabasca,CA,54.7169,-113.2854,48.61,90,96,6.89,overcast clouds
472,Raudeberg,NO,61.9875,5.1352,57.87,91,100,22.91,overcast clouds
473,Lormi,IN,22.2833,81.7333,82.0,72,90,11.59,overcast clouds
474,Were Ilu,ET,10.6,39.4333,68.04,43,100,11.27,light rain
475,Kjopsvik,NO,68.097,16.3742,53.47,59,39,21.14,scattered clouds
476,Karabulak,RU,43.3036,44.8964,73.99,57,98,5.14,light rain
477,Coari,BR,-4.085,-63.1414,71.08,90,2,1.88,clear sky
478,Ulukulevo,RU,54.4355,56.3221,82.65,68,90,9.6,overcast clouds
479,Beloha,MG,-25.1667,45.05,71.4,45,16,18.34,few clouds
480,Tonantins,BR,-2.8731,-67.8022,69.8,97,6,2.3,clear sky
481,Gurupa,BR,-1.405,-51.64,73.58,93,26,3.11,scattered clouds
482,Berlevag,NO,70.8578,29.0864,55.4,71,0,17.27,clear sky
483,Sambava,MG,-14.2667,50.1667,77.2,55,17,19.39,few clouds
484,Carutapera,BR,-1.195,-46.02,74.95,93,84,5.19,broken clouds
485,Kennewick,US,46.2113,-119.1372,63.18,58,0,5.75,clear sky
486,Madimba,TZ,-10.4,40.3333,82.63,51,2,16.13,clear sky
487,Seydi,TM,39.4816,62.9137,103.55,10,0,13.11,clear sky
488,Pacifica,US,37.6138,-122.4869,68.27,91,20,8.05,fog
489,Kemijarvi,FI,66.7131,27.4306,53.8,92,100,10.76,overcast clouds
490,Maceio,BR,-9.6658,-35.7353,72.84,88,75,2.3,broken clouds
491,Istok,XK,42.7808,20.4875,87.49,42,6,4.7,clear sky
492,Mount Pleasant,US,32.7941,-79.8626,78.8,85,0,7.0,clear sky
493,Aizawl,IN,23.7333,92.7167,70.21,97,100,1.92,overcast clouds
494,Coquimbo,CL,-29.9533,-71.3436,49.73,87,0,10.36,clear sky
495,Kununurra,AU,-15.7667,128.7333,69.78,43,62,4.61,broken clouds
496,Naze,JP,28.3667,129.4833,77.92,89,0,8.43,clear sky
497,Picton,AU,-34.1833,150.6,55.72,83,37,5.48,scattered clouds
498,Pangnirtung,CA,66.1451,-65.7125,44.6,76,20,3.44,few clouds
499,Kieta,PG,-6.2167,155.6333,79.09,83,80,3.27,light rain
500,Baghdad,IQ,33.3406,44.4009,102.11,19,20,10.36,few clouds
501,Northam,GB,51.0333,-4.2167,69.26,77,26,2.04,scattered clouds
502,Shakawe,BW,-18.3667,21.85,80.98,21,1,6.82,clear sky
503,Lata,PT,40.1629,-8.3327,62.92,62,61,6.29,broken clouds
504,Big Rapids,US,43.6981,-85.4837,51.1,93,0,3.44,clear sky
505,Juneau,US,58.3019,-134.4197,52.21,98,99,3.49,overcast clouds
506,Turkan,AZ,40.3639,50.215,82.58,51,0,27.63,clear sky
507,Nome,US,64.5011,-165.4064,42.87,87,100,13.8,overcast clouds
508,Izhma,RU,65.0083,53.9113,45.97,98,100,7.58,moderate rain
509,Rongcheng,CN,30.634,117.8517,82.83,82,99,5.46,overcast clouds
510,Le Port,RE,-20.9373,55.2919,78.76,62,13,7.65,few clouds
511,Labuhan,ID,-6.8844,112.2051,80.49,79,99,5.12,overcast clouds
512,Mabaruma,GY,8.2,-59.7833,73.35,98,96,1.92,overcast clouds
513,Rio Gallegos,AR,-51.6226,-69.2181,33.85,80,0,16.11,clear sky
514,Caravelas,BR,-17.7125,-39.2481,74.71,80,38,1.61,scattered clouds
515,Iida,JP,35.5197,137.8207,69.6,96,70,1.88,broken clouds
516,Salt Lake City,US,40.7608,-111.8911,71.64,42,0,8.05,clear sky
517,Beira,MZ,-19.8436,34.8389,77.09,61,20,8.05,few clouds
518,Atbasar,KZ,51.8,68.3333,85.32,39,49,15.3,scattered clouds
519,Lazaro Cardenas,MX,17.9583,-102.2,75.88,85,100,4.97,overcast clouds
520,Mandalgovi,MN,45.7625,106.2708,77.4,23,4,16.8,clear sky
521,Porto Novo,BJ,6.4965,2.6036,78.62,76,97,5.73,moderate rain
522,Mersin,TR,36.862,34.6509,86.07,49,0,9.13,clear sky
523,Antofagasta,CL,-23.65,-70.4,51.08,61,100,2.66,overcast clouds
524,Flin Flon,CA,54.7682,-101.865,57.04,67,100,11.5,overcast clouds
525,Kaseda,JP,31.4167,130.3167,76.75,93,15,11.3,few clouds
526,Husavik,IS,66.0449,-17.3389,39.42,82,99,16.62,overcast clouds
527,Ballitoville,ZA,-29.539,31.2144,73.17,60,20,10.36,few clouds
528,Bhaderwah,IN,32.9784,75.7186,81.27,37,44,5.39,scattered clouds
529,Sainte-Marie,RE,-20.8968,55.5496,78.93,67,75,10.36,broken clouds
530,Mandera,KE,3.9366,41.867,86.99,44,98,20.45,overcast clouds
531,Rajauri,IN,33.3833,74.3,86.97,36,0,5.61,clear sky
532,Namuac,PH,18.6109,121.1657,83.59,79,97,10.18,overcast clouds
533,Muros,ES,42.7762,-9.0603,63.84,82,91,6.6,overcast clouds
534,Weligama,LK,5.9667,80.4167,83.08,75,80,11.36,broken clouds
535,Richards Bay,ZA,-28.783,32.0377,76.96,45,0,13.09,clear sky
536,Saint-Georges,GD,12.0564,-61.7485,82.08,78,20,11.5,few clouds
537,Chirawa,IN,28.2408,75.6448,100.35,19,0,15.12,clear sky
538,Aykhal,RU,66.0,111.5,75.85,42,62,11.68,broken clouds
539,Upington,ZA,-28.4478,21.2561,57.58,72,75,9.22,broken clouds
540,Wasilla,US,61.5814,-149.4394,59.95,82,20,4.61,few clouds
541,Solnechnyy,RU,50.7214,136.6319,64.63,93,96,4.14,overcast clouds
542,Pingliang,CN,35.5392,106.6861,83.73,32,0,3.89,clear sky
543,Zhezkazgan,KZ,47.8043,67.7144,96.78,16,0,11.18,clear sky
544,Mapiri,BO,-15.25,-68.1667,64.67,96,96,0.96,overcast clouds
545,Beringovskiy,RU,63.05,179.3167,45.95,82,100,12.48,overcast clouds
546,Chimore,BO,-16.9833,-65.1333,66.54,88,100,1.03,overcast clouds
547,Piacabucu,BR,-10.4056,-36.4344,75.36,89,100,7.07,overcast clouds
548,Waw,SS,7.7029,27.9953,98.8,30,14,5.01,few clouds
549,Jinchang,CN,38.4953,102.1739,90.3,13,0,17.38,clear sky
550,Santa Elena,EC,-2.2333,-80.85,69.35,83,75,8.05,broken clouds
551,San Luis,AR,-33.295,-66.3356,33.48,82,25,6.55,scattered clouds
552,Veshenskaya,RU,49.6303,41.7334,74.64,54,41,6.69,scattered clouds
553,Carlyle,US,38.6103,-89.3726,69.22,83,20,6.8,few clouds
554,Bairiki,KI,1.3292,172.9752,80.6,83,40,9.22,scattered clouds
555,Hella,NO,67.2,14.4333,57.76,82,75,17.27,broken clouds
556,Zabid,YE,14.1951,43.3152,103.62,28,32,18.41,scattered clouds
557,Perpignan,FR,42.75,2.75,88.83,35,0,11.5,clear sky
558,Bonavista,CA,48.6499,-53.1147,53.82,79,58,9.42,broken clouds
559,Matamoros,MX,25.5333,-103.25,72.63,56,45,6.2,scattered clouds
560,Tarakan,ID,3.3,117.6333,81.9,83,20,0.0,few clouds
561,Alice Springs,AU,-23.7,133.8833,51.35,58,0,0.0,clear sky
562,Kendari,ID,-3.945,122.4989,75.51,93,97,2.64,overcast clouds
563,Jeremoabo,BR,-10.075,-38.4808,71.42,90,89,10.27,overcast clouds
564,Bahia De Caraquez,EC,-0.6,-80.4167,71.78,88,100,7.07,overcast clouds
565,Suleja,NG,9.1758,7.1808,83.39,60,71,3.8,broken clouds
566,Hanzhong,CN,33.0728,107.0303,89.01,53,31,3.62,scattered clouds
567,Anloga,GH,5.7947,0.8973,80.58,75,100,6.44,overcast clouds
568,Vila Do Maio,CV,15.1333,-23.2167,79.59,87,27,15.64,scattered clouds
569,Berdigestyakh,RU,62.0989,126.6992,72.57,45,19,9.6,few clouds
570,Magog,CA,45.2668,-72.1491,62.74,77,96,10.36,overcast clouds
571,Sabha,LY,27.0377,14.4283,96.42,9,0,7.11,clear sky
572,Cairns,AU,-16.9167,145.7667,71.55,82,75,13.8,broken clouds
573,Viedma,AR,-40.8135,-62.9967,36.07,86,100,6.67,overcast clouds
574,Malanje,AO,-9.5402,16.341,87.64,31,19,1.72,few clouds
575,Chulman,RU,56.8479,124.9104,62.91,85,89,2.71,light rain
576,Atocha,BO,-20.9333,-66.2333,26.47,35,18,7.94,few clouds
577,Igarka,RU,67.4667,86.5833,84.54,25,87,6.62,overcast clouds
578,Matara,LK,5.9485,80.5353,83.57,74,76,11.86,broken clouds
579,Capinopolis,BR,-18.6819,-49.5697,64.62,53,34,4.92,scattered clouds
580,Dicabisagan,PH,17.0818,122.4157,78.89,88,99,2.01,moderate rain
581,Lusambo,CD,-4.9667,23.45,97.77,20,7,0.96,clear sky
582,Busembatia,UG,0.7697,33.6131,85.17,38,49,3.49,scattered clouds
583,Ostersund,SE,63.1792,14.6357,63.05,63,0,5.75,clear sky
584,Manaure,CO,11.7751,-72.4445,79.93,81,55,10.09,broken clouds
585,Hambantota,LK,6.1241,81.1185,86.27,65,78,21.9,broken clouds
586,Savinskiy,RU,62.9342,40.1361,70.63,40,88,5.03,overcast clouds
587,Nuuk,GL,64.1835,-51.7216,36.21,93,100,2.3,fog
588,Grand Gaube,MU,-20.0064,57.6608,72.37,71,28,7.0,scattered clouds
589,Emba,KZ,48.8264,58.1442,96.57,19,99,10.98,overcast clouds
590,Sakhon Nakhon,TH,17.1612,104.1472,84.15,79,40,2.3,scattered clouds
591,Chahuites,MX,16.2833,-94.1833,75.09,86,100,4.88,overcast clouds
592,Imeni Poliny Osipenko,RU,52.4201,136.4853,63.79,94,70,8.81,light rain
593,Broken Hill,AU,-31.95,141.4333,54.81,61,0,11.07,clear sky
594,Basco,PH,20.4487,121.9702,85.68,75,14,14.94,few clouds
595,Camacha,PT,33.0833,-16.3333,67.42,68,75,12.66,broken clouds
596,Timmins,CA,48.4669,-81.3331,51.62,87,0,5.75,clear sky
597,Westport,US,41.1415,-73.3579,64.89,95,100,10.36,overcast clouds
598,Red Bluff,US,40.1785,-122.2358,71.73,53,0,6.91,clear sky
599,Belmonte,BR,-15.8631,-38.8828,72.81,85,78,4.59,broken clouds
600,Ahero,KE,-0.1746,34.9163,79.39,52,90,7.43,light rain
601,Yurga,RU,55.7231,84.8861,60.84,93,98,7.9,light rain
602,Atar,MR,20.5169,-13.0499,96.62,16,25,11.54,scattered clouds
603,Mount Isa,AU,-20.7333,139.5,56.97,47,3,5.75,clear sky
604,Udachnyy,RU,66.4167,112.4,79.45,41,78,12.44,broken clouds
605,Srednyaya Yelyuzan,RU,53.0241,45.9529,74.64,66,94,12.24,overcast clouds
606,Wang Saphung,TH,17.301,101.7685,78.82,94,75,0.0,heavy intensity rain
607,Mascali,IT,37.7558,15.1959,103.93,29,3,4.21,clear sky
608,Kyren,RU,51.6828,102.1408,74.98,51,87,6.98,overcast clouds
609,Mawlaik,MM,23.6333,94.4167,85.24,81,98,1.74,overcast clouds
610,Shirokiy,RU,49.758,129.523,66.54,90,100,10.07,light rain
611,Quepos,CR,9.4236,-84.1652,75.16,82,98,3.96,overcast clouds
612,Whitecourt,CA,54.1502,-115.6855,44.92,89,87,4.27,overcast clouds
613,Shahreza,IR,32.0339,51.8794,90.37,8,0,31.88,clear sky
614,Bud,US,39.447,-86.1758,68.05,86,0,6.46,clear sky
615,Huarmey,PE,-10.0681,-78.1522,60.85,85,44,5.77,scattered clouds
616,Tobol,KZ,52.6844,62.5794,79.86,50,80,10.42,broken clouds
617,Senov,CZ,49.7932,18.3761,79.83,42,18,7.31,few clouds
618,Sampit,ID,-2.5333,112.95,75.49,96,100,3.15,moderate rain
619,Zyryanskoye,RU,56.8306,86.6258,60.73,95,92,6.76,moderate rain
620,Noyabrsk,RU,63.1994,75.4507,74.59,49,98,4.63,overcast clouds
621,Vitim,RU,59.4511,112.5578,76.39,34,60,6.89,broken clouds
622,Conceicao Do Araguaia,BR,-8.2578,-49.2647,78.21,60,85,1.63,overcast clouds
623,Hami,CN,42.8,93.45,105.04,5,4,3.15,clear sky
624,Akyab,MM,20.15,92.9,82.98,78,98,11.56,heavy intensity rain
625,Bulaevo,KZ,54.9056,70.4439,73.44,67,76,13.65,broken clouds
626,Grindavik,IS,63.8424,-22.4338,48.15,66,0,31.07,clear sky
627,Tarko-Sale,RU,64.9225,77.785,81.63,36,100,12.59,overcast clouds
628,Noumea,NC,-22.2763,166.4572,72.0,99,100,8.08,moderate rain
629,Nkhotakota,MW,-12.9274,34.2961,75.2,49,6,9.84,clear sky
630,Finnsnes,NO,69.2296,17.9811,59.61,56,24,21.92,few clouds
631,Xinyu,CN,27.8043,114.9334,83.53,78,93,7.09,overcast clouds
632,Apatou,GF,5.155,-54.3472,74.05,96,66,2.53,broken clouds
633,Linguere,SN,15.3953,-15.1193,80.82,78,20,4.61,few clouds
634,Corrente,BR,-3.7367,-43.3394,76.28,68,20,4.21,few clouds
635,Lokosovo,RU,61.1333,74.8167,72.0,53,88,4.0,overcast clouds
636,Naantali,FI,60.4674,22.0243,69.44,60,20,17.27,few clouds
637,Cabedelo,BR,-6.9811,-34.8339,75.87,81,98,7.16,overcast clouds
638,Houma,US,29.5958,-90.7195,80.6,92,0,9.22,clear sky
639,Grand-Lahou,CI,5.1367,-5.0242,77.58,87,100,7.11,moderate rain
640,High Rock,BS,26.6208,-78.2833,69.82,64,100,4.07,overcast clouds
641,Patos,BR,-7.0244,-37.28,75.63,75,93,6.55,overcast clouds
642,Yar-Sale,RU,66.8333,70.8333,83.55,35,7,6.42,clear sky
643,Puerto Del Rosario,ES,28.5004,-13.8627,74.95,60,20,14.97,few clouds
644,Izumo,JP,35.3667,132.7667,80.49,83,75,6.91,moderate rain
645,Kumo,NG,10.0447,11.2122,87.71,51,68,10.6,broken clouds
646,Puerto Baquerizo Moreno,EC,-0.9,-89.6,69.17,87,49,8.39,scattered clouds
647,Tapes,BR,-30.6733,-51.3958,57.16,95,100,14.36,overcast clouds
648,Terrak,NO,65.087,12.3715,53.47,77,98,13.62,overcast clouds
649,Sisimiut,GL,66.9395,-53.6735,38.5,79,72,6.38,broken clouds
650,Kuybyshevo,RU,47.8123,38.9073,71.8,45,85,5.32,overcast clouds
651,Bonito,BR,-21.1211,-56.4819,65.59,67,8,1.95,clear sky
652,Whitehorse,CA,60.7161,-135.0538,51.31,94,75,3.0,broken clouds
653,Nevers,FR,46.9167,3.3333,77.58,57,75,5.75,broken clouds
654,Yokadouma,CM,3.5167,15.05,81.61,68,79,2.15,light rain
655,Zhigansk,RU,66.7697,123.3711,52.83,74,100,6.2,overcast clouds
656,Honiara,SB,-9.4333,159.95,77.77,87,48,5.61,scattered clouds
657,George,ZA,-33.963,22.4617,56.75,100,100,18.41,overcast clouds
658,Nikki,BJ,9.9401,3.2108,84.24,58,87,3.96,overcast clouds
659,Fenoarivo Atsinanana,MG,-17.3667,49.4167,72.1,77,21,11.23,light rain
660,Ereymentau,KZ,51.6199,73.1033,84.0,36,28,20.65,scattered clouds
661,Asfi,MA,32.2994,-9.2372,68.31,67,0,10.56,clear sky
662,Carupano,VE,10.6678,-63.2585,76.95,91,93,6.91,overcast clouds
663,Shepsi,RU,44.0361,39.1489,67.66,75,89,16.2,overcast clouds
664,Tiznit,MA,29.5833,-9.5,74.19,36,1,6.69,clear sky
665,Vestmannaeyjar,IS,63.4427,-20.2734,50.99,71,75,4.61,broken clouds
666,Yopal,CO,5.3378,-72.3959,68.99,94,86,2.93,overcast clouds
667,Angoche,MZ,-16.2325,39.9086,77.86,54,37,9.89,scattered clouds
668,Sao Joao Da Barra,BR,-21.6403,-41.0511,69.89,74,0,9.4,clear sky
669,Nsanje,MW,-16.92,35.262,77.5,54,33,5.7,light rain
670,Languyan,PH,5.2618,120.0807,80.71,81,89,3.8,overcast clouds
671,Safaga,EG,26.7292,33.9365,88.11,45,0,18.99,clear sky
672,La Macarena,CO,2.1837,-73.7849,68.18,99,42,0.63,heavy intensity rain
673,Tautira,PF,-17.7333,-149.15,78.8,70,49,11.16,scattered clouds
674,Lake Cowichan,CA,48.825,-124.0546,53.38,96,51,1.57,broken clouds
675,Dubbo,AU,-32.25,148.6167,42.93,87,98,0.0,overcast clouds
676,Port Hardy,CA,50.6996,-127.4199,50.0,87,0,8.05,clear sky
677,Westerland,DE,54.9079,8.3033,71.02,77,0,6.91,clear sky
678,Atlantis,ZA,-33.5667,18.4834,55.18,83,61,13.35,light rain
679,Atambua,ID,-9.1061,124.8925,73.26,77,98,7.45,overcast clouds
680,Krasnovishersk,RU,60.4078,57.082,62.69,71,99,8.48,light rain
681,Rio Cuarto,AR,-33.1307,-64.3499,34.66,69,0,4.61,clear sky
682,Dabat,ET,12.9842,37.765,63.9,58,38,4.25,light rain
683,Palana,RU,59.1167,159.9667,39.42,95,92,7.96,overcast clouds
684,Hofn,IS,64.2539,-15.2082,50.02,43,75,14.97,broken clouds
685,Mahibadhoo,MV,3.7833,72.9667,82.81,72,30,6.15,scattered clouds
686,Pizarro,CO,4.9533,-77.366,74.89,92,88,5.06,light rain
687,Kijang,KR,35.2442,129.2139,78.53,93,98,19.13,overcast clouds
688,Winfield,US,37.2398,-96.9956,74.17,89,0,5.75,clear sky
689,Korem,ET,12.5058,39.5228,72.48,33,97,10.49,overcast clouds
690,Pascagoula,US,30.3658,-88.5561,75.92,95,0,0.0,mist
691,Leh,IN,34.1667,77.5833,61.7,23,98,4.18,overcast clouds
692,Comodoro Rivadavia,AR,-45.8667,-67.5,30.06,69,0,4.61,clear sky
693,Sagacad,PH,7.6861,123.3406,77.29,84,44,0.94,scattered clouds
694,Tezu,IN,27.9167,96.1667,82.53,90,78,0.51,broken clouds
695,Makhinjauri,GE,41.6739,41.694,71.46,78,75,4.61,broken clouds
696,Bulawayo,ZW,-20.15,28.5833,70.77,27,0,5.91,clear sky
697,Santa Ines,BR,-3.6667,-45.38,71.73,84,56,3.2,broken clouds
698,Sohag,EG,26.557,31.6948,97.09,14,0,16.26,clear sky
699,Sur,OM,22.5667,59.5289,96.82,48,8,10.94,clear sky
700,Camopi,GF,3.1655,-52.3158,73.56,97,48,2.15,scattered clouds
701,Youghal,IE,51.95,-7.8506,69.1,73,10,8.43,clear sky
702,Nhlangano,SZ,-27.1167,31.2,61.52,61,39,8.32,scattered clouds
703,Malakal,SS,9.5334,31.6605,100.06,27,85,5.12,overcast clouds
704,Manaquiri,BR,-3.3167,-60.35,77.49,83,9,2.3,clear sky
705,Cumberland,US,35.0502,-78.8664,75.7,83,0,4.61,clear sky
706,Boca Do Acre,BR,-8.7522,-67.3978,73.62,84,71,0.36,broken clouds
707,Ulyanovka,RU,59.6394,30.7647,76.77,32,98,6.38,overcast clouds
708,Thurso,GB,58.5927,-3.5259,66.45,64,3,2.55,clear sky
709,Merauke,ID,-8.4667,140.3333,78.03,85,75,18.32,broken clouds
710,Egvekinot,RU,66.3167,-179.1667,36.1,98,100,5.97,light rain
711,Trairi,BR,-3.2778,-39.2689,75.25,84,84,9.4,broken clouds
712,Umm Kaddadah,SD,13.6017,26.6876,99.72,12,69,9.51,broken clouds
713,Mayo,US,38.8876,-76.5119,66.94,95,100,10.36,moderate rain
714,Elizabeth City,US,36.2946,-76.2511,72.01,96,100,10.36,overcast clouds
715,Taksimo,RU,56.3444,114.8794,59.65,88,98,3.02,overcast clouds
716,Lhokseumawe,ID,5.1801,97.1507,79.81,83,74,4.47,broken clouds
717,Urumqi,CN,43.801,87.6005,101.35,10,0,11.18,clear sky
